<?xml version="1.0" encoding="UTF-8"?>
<api context="/review-read-pt" name="ReviewRead" xmlns="http://ws.apache.org/ns/synapse">
    <resource methods="GET" uri-template="/produto/{sku}/avaliacoes/{status}">
        <inSequence>
            <property name="REST_URL_POSTFIX" scope="axis2" type="STRING" value=""/>
            <property expression="$ctx:uri.var.sku" name="sku" scope="default" type="STRING"/>
            <property expression="$ctx:uri.var.status" name="status" scope="default" type="STRING"/>
            <property expression="fn:concat(get-property('axis2','REST_URL_POSTFIX'), '/products/')" name="REST_URL_POSTFIX" scope="axis2" type="STRING"/>
            <property expression="fn:concat(get-property('axis2','REST_URL_POSTFIX'), get-property('sku'))" name="REST_URL_POSTFIX" scope="axis2" type="STRING"/>
            <property expression="fn:concat(get-property('axis2','REST_URL_POSTFIX'), '/reviews')" name="REST_URL_POSTFIX" scope="axis2" type="STRING"/>
            <property expression="fn:concat(get-property('axis2','REST_URL_POSTFIX'), get-property('status'))" name="REST_URL_POSTFIX" scope="axis2" type="STRING"/>
            <call>
                <endpoint key="ReviewReadEP"/>
            </call>
            <respond/>
        </inSequence>
        <outSequence/>
        <faultSequence/>
    </resource>
    <resource methods="GET" uri-template="/avaliacoes/{userID}">
        <inSequence>
            <property name="REST_URL_POSTFIX" scope="axis2" type="STRING" value=""/>
            <property expression="$ctx:uri.var.userID" name="userID" scope="default" type="STRING"/>
            <property expression="fn:concat(get-property('axis2','REST_URL_POSTFIX'), '/reviews/')" name="REST_URL_POSTFIX" scope="axis2" type="STRING"/>
            <property expression="fn:concat(get-property('axis2','REST_URL_POSTFIX'), get-property('userID'))" name="REST_URL_POSTFIX" scope="axis2" type="STRING"/>
            <call>
                <endpoint key="ReviewReadEP"/>
            </call>
            <respond/>
        </inSequence>
        <outSequence/>
        <faultSequence/>
    </resource>
    <resource methods="GET" uri-template="/avaliacoes/pendentes">
        <inSequence>
            <property name="REST_URL_POSTFIX" scope="axis2" type="STRING" value=""/>
            <property expression="$ctx:uri.var.userID" name="userID" scope="default" type="STRING"/>
            <property expression="fn:concat(get-property('axis2','REST_URL_POSTFIX'), '/reviews/pending')" name="REST_URL_POSTFIX" scope="axis2" type="STRING"/>
            <call>
                <endpoint key="ReviewReadEP"/>
            </call>
            <respond/>
        </inSequence>
        <outSequence/>
        <faultSequence/>
    </resource>
    <resource methods="GET" uri-template="/avaliacao/votos/{number}">
        <inSequence>
            <property expression="$ctx:uri.var.number" name="number" scope="default" type="INTEGER"/>
            <clone continueParent="true" sequential="true">
                <target>
                    <sequence>
                        <property name="REST_URL_POSTFIX" scope="axis2" type="STRING" value=""/>
                        <call>
                            <endpoint key="VotesReadEP"/>
                        </call>
                        <property name="ContentType" scope="axis2" type="STRING" value="application/json"/>
                        <property expression="json-eval($)" name="votesList" scope="default" type="STRING"/>
                        <payloadFactory media-type="json">
                            <format>{"payload1":$1}</format>
                            <args>
                                <arg evaluator="xml" expression="get-property('votesList')"/>
                            </args>
                        </payloadFactory>
                    </sequence>
                </target>
                <target>
                    <sequence>
                        <property name="REST_URL_POSTFIX" scope="axis2" type="STRING" value=""/>
                        <property expression="$ctx:uri.var.userID" name="userID" scope="default" type="STRING"/>
                        <property expression="fn:concat(get-property('axis2','REST_URL_POSTFIX'), '/reviews')" name="REST_URL_POSTFIX" scope="axis2" type="STRING"/>
                        <call>
                            <endpoint key="ReviewReadEP"/>
                        </call>
                        <property name="ContentType" scope="axis2" type="STRING" value="application/json"/>
                        <property expression="json-eval($)" name="reviewList" scope="default" type="STRING"/>
                        <payloadFactory media-type="json">
                            <format>{"payload2":$1}</format>
                            <args>
                                <arg evaluator="xml" expression="get-property('reviewList')"/>
                            </args>
                        </payloadFactory>
                    </sequence>
                </target>
            </clone>
        </inSequence>
        <outSequence>
            <property name="combinedPayload" scope="default">
                <value xmlns=""/>
            </property>
            <aggregate id="Aggregator">
                <completeCondition>
                    <messageCount max="2" min="2"/>
                </completeCondition>
                <onComplete aggregateElementType="root" enclosingElementProperty="combinedPayload" expression="/s11:Envelope/s11:Body/child::*[position()=1] | /s12:Envelope/s12:Body/child::*[position()=1]" xmlns:s11="http://schemas.xmlsoap.org/soap/envelope/" xmlns:s12="http://www.w3.org/2003/05/soap-envelope">
                    <property expression="json-eval($.payload1)" name="payload1" scope="default" type="STRING"/>
                    <property expression="json-eval($.payload2)" name="payload2" scope="default" type="STRING"/>
                    <script language="js"><![CDATA[var payload1 = mc.getProperty('payload1');
						var payload2 = mc.getProperty('payload2');
						var numberVotes = mc.getProperty('number');
						
						console.log(numberVotes);
												
						var combinedPayload = {};
						
						combinedPayload.stage1 = JSON.parse(payload1);
						combinedPayload.stage2 = JSON.parse(payload2);
						var list = [];
						
						// Iterate over stage1 list of objects
						var votes = combinedPayload.stage1;
						var reviews = combinedPayload.stage2;
						for (var i = 0; i < reviews.length; i++) {
						    var review = reviews[i];
						    var count = 0;
						    for(var j = 0; j < votes.length; j++){
						        var vote = votes[j];
						        if(vote.reviewId === review.idReview){
						            count++;
						        }
						    }
						    if(count < numberVotes){
						        list.push(review);
						    }
						}
						
						var response = {}
						response.list = list;
						
						mc.setPayloadJSON(response);]]></script>
                    <property expression="json-eval($)" name="response" scope="default" type="STRING"/>
                    <payloadFactory media-type="json">
                        <format>$1</format>
                        <args>
                            <arg evaluator="xml" expression="get-property('combinedPayload')"/>
                        </args>
                    </payloadFactory>
                    <respond/>
                </onComplete>
            </aggregate>
        </outSequence>
        <faultSequence/>
    </resource>
    <resource methods="GET" uri-template="/avalicoes/filtro/votos/{nVotes}">
        <inSequence>
            <property name="REST_URL_POSTFIX" scope="axis2" type="STRING" value=""/>
            <call>
                <endpoint key="VotesReadEP"/>
            </call>
            <property expression="json-eval($)" name="votePayload" scope="default" type="STRING"/>
            <property name="REST_URL_POSTFIX" scope="axis2" type="STRING" value="/reviews"/>
            <call>
                <endpoint key="ReviewReadEP"/>
            </call>
            <property expression="json-eval($)" name="reviewPayload" scope="default" type="STRING"/>
            <log/>
            <loopback/>
        </inSequence>
        <outSequence>
            <script language="js"><![CDATA[var votes = mc.getProperty('votePayload');
				var reviews = mc.getProperty('reviewPayload');
				
				
				var response = [];
				
				for (var i = 0; i < reviews.length; i++) {
				    var review = reviews[i];
				    var count = 0;
				    for(var j = 0; j < votes.length; j++){
				        var vote = votes[j];
				        if(vote.reviewId === review.idReview){
				            count++;
				        }
				    }
				    if(count < numberVotes){
				        response.push(review);
				    }
				}
				
				mc.setProperty('response', response);]]></script>
            <payloadFactory media-type="json">
                <format>{"filteredReviews":"$1"}</format>
                <args>
                    <arg evaluator="json" expression="get-property('response')"/>
                </args>
            </payloadFactory>
            <respond/>
        </outSequence>
        <faultSequence/>
    </resource>
</api>
