<?xml version="1.0" encoding="UTF-8"?>
<api context="/vote-write-pt" name="VoteWritePt" xmlns="http://ws.apache.org/ns/synapse">
    <resource methods="POST" uri-template="/criar">
        <inSequence>
            <property name="REST_URL_POSTFIX" scope="axis2" type="STRING" value=""/>
            <call>
                <endpoint key="CriarVotosEP"/>
            </call>
            <respond/>
        </inSequence>
        <outSequence/>
        <faultSequence/>
    </resource>
    <resource methods="POST" uri-template="/eliminar/{voteID}">
        <inSequence>
            <property name="REST_URL_POSTFIX" scope="axis2" type="STRING" value=""/>
            <property expression="$ctx:uri.var.voteID" name="voteID" scope="default" type="STRING"/>
            <property expression="fn:concat(get-property('axis2','REST_URL_POSTFIX'), get-property('voteID'))" name="REST_URL_POSTFIX" scope="axis2" type="STRING"/>
            <call>
                <endpoint key="EliminarVotosEP"/>
            </call>
            <respond/>
        </inSequence>
        <outSequence/>
        <faultSequence/>
    </resource>
</api>
