<?xml version="1.0" encoding="UTF-8"?>
<endpoint name="ProcurarProdutoPorDesignacaoEP" xmlns="http://ws.apache.org/ns/synapse">
    <address uri="http://localhost:8081/products/designation">
        <suspendOnFailure>
            <initialDuration>-1</initialDuration>
            <progressionFactor>1.0</progressionFactor>
        </suspendOnFailure>
        <markForSuspension>
            <retriesBeforeSuspension>0</retriesBeforeSuspension>
        </markForSuspension>
    </address>
</endpoint>
