<?xml version="1.0" encoding="UTF-8"?><artifacts>
    <artifact name="ProductWritePt_swagger" groupId="com.example.metadata" version="1.0.0" type="synapse/metadata" serverRole="EnterpriseServiceBus">
        <file>src/main/resources/metadata/ProductWritePt_swagger.yaml</file>
    </artifact>
    <artifact name="ProductWritePt_metadata" groupId="com.example.metadata" version="1.0.0" type="synapse/metadata" serverRole="EnterpriseServiceBus">
        <file>src/main/resources/metadata/ProductWritePt_metadata.yaml</file>
    </artifact>
    <artifact name="ProductReadPt_swagger" groupId="com.example.metadata" version="1.0.0" type="synapse/metadata" serverRole="EnterpriseServiceBus">
        <file>src/main/resources/metadata/ProductReadPt_swagger.yaml</file>
    </artifact>
    <artifact name="ProductReadPt_metadata" groupId="com.example.metadata" version="1.0.0" type="synapse/metadata" serverRole="EnterpriseServiceBus">
        <file>src/main/resources/metadata/ProductReadPt_metadata.yaml</file>
    </artifact>
    <artifact name="ReviewReadPt_swagger" groupId="com.example.metadata" version="1.0.0" type="synapse/metadata" serverRole="EnterpriseServiceBus">
        <file>src/main/resources/metadata/ReviewReadPt_swagger.yaml</file>
    </artifact>
    <artifact name="ReviewReadPt_metadata" groupId="com.example.metadata" version="1.0.0" type="synapse/metadata" serverRole="EnterpriseServiceBus">
        <file>src/main/resources/metadata/ReviewReadPt_metadata.yaml</file>
    </artifact>
    <artifact name="ReviewWritePt_swagger" groupId="com.example.metadata" version="1.0.0" type="synapse/metadata" serverRole="EnterpriseServiceBus">
        <file>src/main/resources/metadata/ReviewWritePt_swagger.yaml</file>
    </artifact>
    <artifact name="ReviewWritePt_metadata" groupId="com.example.metadata" version="1.0.0" type="synapse/metadata" serverRole="EnterpriseServiceBus">
        <file>src/main/resources/metadata/ReviewWritePt_metadata.yaml</file>
    </artifact>
    <artifact name="VoteReadPt" groupId="com.example.api" version="1.0.0" type="synapse/api" serverRole="EnterpriseServiceBus">
        <file>src/main/synapse-config/api/VoteReadPt.xml</file>
    </artifact>
    <artifact name="VoteReadPt_swagger" groupId="com.example.metadata" version="1.0.0" type="synapse/metadata" serverRole="EnterpriseServiceBus">
        <file>src/main/resources/metadata/VoteReadPt_swagger.yaml</file>
    </artifact>
    <artifact name="VoteReadPt_metadata" groupId="com.example.metadata" version="1.0.0" type="synapse/metadata" serverRole="EnterpriseServiceBus">
        <file>src/main/resources/metadata/VoteReadPt_metadata.yaml</file>
    </artifact>
    <artifact name="VoteWritePt" groupId="com.example.api" version="1.0.0" type="synapse/api" serverRole="EnterpriseServiceBus">
        <file>src/main/synapse-config/api/VoteWritePt.xml</file>
    </artifact>
    <artifact name="VoteWritePt_swagger" groupId="com.example.metadata" version="1.0.0" type="synapse/metadata" serverRole="EnterpriseServiceBus">
        <file>src/main/resources/metadata/VoteWritePt_swagger.yaml</file>
    </artifact>
    <artifact name="VoteWritePt_metadata" groupId="com.example.metadata" version="1.0.0" type="synapse/metadata" serverRole="EnterpriseServiceBus">
        <file>src/main/resources/metadata/VoteWritePt_metadata.yaml</file>
    </artifact>
    <artifact name="ProductReadPt" groupId="com.example.api" version="1.0.0" type="synapse/api" serverRole="EnterpriseServiceBus">
        <file>src/main/synapse-config/api/ProductReadPt.xml</file>
    </artifact>
    <artifact name="ProductReadPt_swagger" groupId="com.example.metadata" version="1.0.0" type="synapse/metadata" serverRole="EnterpriseServiceBus">
        <file>src/main/resources/metadata/ProductReadPt_swagger.yaml</file>
    </artifact>
    <artifact name="ProductReadPt_metadata" groupId="com.example.metadata" version="1.0.0" type="synapse/metadata" serverRole="EnterpriseServiceBus">
        <file>src/main/resources/metadata/ProductReadPt_metadata.yaml</file>
    </artifact>
    <artifact name="ProductWritePt" groupId="com.example.api" version="1.0.0" type="synapse/api" serverRole="EnterpriseServiceBus">
        <file>src/main/synapse-config/api/ProductWritePt.xml</file>
    </artifact>
    <artifact name="ProductWritePt_swagger" groupId="com.example.metadata" version="1.0.0" type="synapse/metadata" serverRole="EnterpriseServiceBus">
        <file>src/main/resources/metadata/ProductWritePt_swagger.yaml</file>
    </artifact>
    <artifact name="ProductWritePt_metadata" groupId="com.example.metadata" version="1.0.0" type="synapse/metadata" serverRole="EnterpriseServiceBus">
        <file>src/main/resources/metadata/ProductWritePt_metadata.yaml</file>
    </artifact>
    <artifact name="ReviewWritePt" groupId="com.example.api" version="1.0.0" type="synapse/api" serverRole="EnterpriseServiceBus">
        <file>src/main/synapse-config/api/ReviewWritePt.xml</file>
    </artifact>
    <artifact name="ReviewWritePt_swagger" groupId="com.example.metadata" version="1.0.0" type="synapse/metadata" serverRole="EnterpriseServiceBus">
        <file>src/main/resources/metadata/ReviewWritePt_swagger.yaml</file>
    </artifact>
    <artifact name="ReviewWritePt_metadata" groupId="com.example.metadata" version="1.0.0" type="synapse/metadata" serverRole="EnterpriseServiceBus">
        <file>src/main/resources/metadata/ReviewWritePt_metadata.yaml</file>
    </artifact>
    <artifact name="ReviewReadPt" groupId="com.example.api" version="1.0.0" type="synapse/api" serverRole="EnterpriseServiceBus">
        <file>src/main/synapse-config/api/ReviewReadPt.xml</file>
    </artifact>
    <artifact name="ReviewReadPt_swagger" groupId="com.example.metadata" version="1.0.0" type="synapse/metadata" serverRole="EnterpriseServiceBus">
        <file>src/main/resources/metadata/ReviewReadPt_swagger.yaml</file>
    </artifact>
    <artifact name="ReviewReadPt_metadata" groupId="com.example.metadata" version="1.0.0" type="synapse/metadata" serverRole="EnterpriseServiceBus">
        <file>src/main/resources/metadata/ReviewReadPt_metadata.yaml</file>
    </artifact>
</artifacts>
